symbol,entry_timestamp,exit_timestamp,direction,holding_bars,predicted_move_pct_at_entry,sma_dist_pct_at_entry,macd_hist_at_entry,macd_hist_slope_at_entry,realized_return_pct,outcome
BNBUSDT,2019-01-03,2019-01-05,1,3,1.970747627910157,3.7227595595910796,0.08300933976455005,-0.025679282173961454,-1.8625681705503156,0
BNBUSDT,2019-01-11,2019-01-13,1,3,3.4189627681223698,0.20631453634717342,0.01664897533818127,-0.025582389502375125,-6.834669540967342,0
BNBUSDT,2019-01-21,2019-01-23,1,3,1.6515088876982376,5.573846968160991,0.0395921664360917,0.0010548338242625521,1.1013748281464735,1
BNBUSDT,2019-01-29,2019-01-31,-1,3,-3.7173593814670594,-1.9195056288796766,-0.024084708957872097,-0.03537056593474122,-1.2954061770049425,0
BNBUSDT,2019-02-05,2019-02-07,1,3,2.9896671398384833,19.05257367101596,0.09524082113274909,0.06284163648576663,9.49320238078486,1
BNBUSDT,2019-02-26,2019-02-28,-1,3,-0.7851597509594908,-1.188242651657279,-0.10839562236569944,-0.0692179205302581,-6.393791702331719,0
BNBUSDT,2019-03-07,2019-03-09,1,3,0.10051647217102169,37.49590813087973,0.38935581065955605,0.0892675978882761,-0.8425509656283189,0
BNBUSDT,2019-03-17,2019-03-19,1,3,0.5646814787651315,16.19925523153387,0.04640805830801353,-0.03241331050380669,-3.304962121449473,0
BNBUSDT,2019-03-21,2019-03-23,-1,3,-41.49373099739753,-0.21394992445347413,-0.18865644990008268,-0.09586070881510755,-0.4720480143831637,0
BNBUSDT,2019-04-06,2019-04-08,1,3,3.121663610856798,12.631005249952922,0.10094999959004403,-0.03300245941902413,-7.5673112771549755,0
BNBUSDT,2019-04-18,2019-04-21,1,4,13.796636802917927,16.513608859565196,0.09012688791690304,0.1528259107251182,22.747140921965435,1
BNBUSDT,2019-04-26,2019-04-28,1,3,8.083388899574407,10.922275505135227,0.03153358619038249,-0.05502776028072076,1.9850077602806997,1
BNBUSDT,2019-05-06,2019-05-08,-1,3,-3.5390534638739015,-2.6493230268275405,-0.23834850571496236,-0.057205981639538495,9.654966336926663,1
BNBUSDT,2019-05-12,2019-05-14,-1,3,-0.5142852968163534,-4.805969503228626,-0.4346796366873644,0.08431873260916611,-14.09515377849553,0
BNBUSDT,2019-05-16,2019-05-19,1,4,6.0575930189294285,17.312767929000447,0.41262888005784604,0.13862531469270822,8.180614360948258,1
BNBUSDT,2019-05-27,2019-05-29,1,3,10.92181106597861,23.150568667806752,0.6086919941948983,-0.1345812460119582,1.1553655124063593,1
BNBUSDT,2019-06-03,2019-06-09,-1,7,-17.489864498937525,-1.5412707528620782,-0.36381898603252694,-0.21418621462865062,8.823079869814531,1
BNBUSDT,2019-06-11,2019-06-13,-1,3,-5.680210285720425,-0.9315520280296671,-0.4273748247798741,0.06731840471732986,-10.466162718447825,0
BNBUSDT,2019-06-16,2019-06-18,-1,3,-2.2661503320180465,-0.06608178773821581,-0.2095137171788619,-0.06365868635329708,-5.783435911404378,0
BNBUSDT,2019-06-20,2019-06-22,1,3,1.1278426257464629,12.788516899937735,0.16235158430495011,0.14719346598785576,7.589189742190694,1
BNBUSDT,2019-06-26,2019-06-28,1,3,0.9359505088024326,4.9465561110712395,0.020345969894629112,-0.11550518839054891,-4.4593892076544295,0
BNBUSDT,2019-06-30,2019-07-02,-1,3,-1.6626277440030808,-8.220409341432697,-0.533809854582121,-0.22365129519409077,9.52197183098592,1
BNBUSDT,2019-07-08,2019-07-10,-1,3,-1.9873313666594516,-3.8628705292396557,-0.3627176814267367,0.09726510910713931,4.799426739214907,1
BNBUSDT,2019-07-27,2019-07-30,-1,4,-13.538678707135999,-6.5728887382821775,-0.012470821636357377,-0.07247169523306907,6.22041522491349,1
BNBUSDT,2019-08-01,2019-08-03,1,3,0.7325112282692849,0.0661558699218143,0.027746939937841386,0.1075287000346421,-0.4601801801801805,0
BNBUSDT,2019-08-09,2019-08-13,1,5,0.8576641128014156,4.100510259654309,0.4200130452527696,0.011796859198502041,-5.7241350932575426,0
BNBUSDT,2019-08-20,2019-08-22,-1,3,-4.207107812786931,-2.106970677599929,-0.01913960895538719,-0.0030997978067753285,5.92095884083339,1
BNBUSDT,2019-08-24,2019-08-26,-1,3,-4.133131881068177,-7.425844672153294,-0.17042879653252535,-0.038940214703961695,2.6226429101707587,1
BNBUSDT,2019-10-09,2019-10-14,1,6,5.034880681486813,5.79784137220656,0.3596090410230153,0.14988311008955946,14.681797357268135,1
BNBUSDT,2019-10-17,2019-10-19,1,3,3.5203549399063934,11.206224349075635,0.4827411638258374,-0.00896280283022255,2.32151791703541,1
BNBUSDT,2019-11-02,2019-11-04,1,3,4.394795731913229,7.321702581982098,0.23226313777649044,-0.028024981718574704,2.6700153500767603,1
BNBUSDT,2019-11-15,2019-11-17,-1,3,-10.200024584369734,-0.2564987514535208,-0.0076454407422348325,-0.06342754809507489,4.866318268391778,1
BNBUSDT,2019-11-22,2019-11-24,-1,3,-5.045739234152002,-21.536933631950706,-0.5888037112438785,-0.13221681641836502,10.32774354853112,1
BNBUSDT,2019-11-28,2019-12-05,-1,8,-7.576600949629454,-15.079993997272517,-0.38436261757423495,0.068427182535866,2.293177862861118,1
BNBUSDT,2020-01-01,2020-01-05,1,5,3.0072903697606272,0.7901043725378263,0.18176819645864895,-0.004664829250934699,2.057695700672935,1
BNBUSDT,2020-01-11,2020-01-13,1,3,1.6351539090364737,7.083341558439211,0.22599781524241952,-0.011667344925702455,0.28745852687459583,1
BNBUSDT,2020-01-17,2020-01-21,1,5,1.4007305704636712,20.99666048038734,0.42499243335848236,0.04251179395606297,5.959895029148776,1
BNBUSDT,2020-01-23,2020-01-25,1,3,1.6519477463333314,5.8520167402663805,0.1273953252362794,-0.09679091432051146,-5.328116449109577,0
BNBUSDT,2020-02-05,2020-02-07,1,3,1.9571324026647903,7.535886235942513,0.006178060539767882,0.045856905871253906,20.932064386229342,1
BNBUSDT,2020-02-20,2020-02-25,-1,6,-2.034935652118617,-1.5493934403872773,-0.38902000413875104,-0.12406548648575288,8.770842478398277,1
BNBUSDT,2020-03-07,2020-03-09,-1,3,-2.9822781472451667,-3.2146824999480113,-0.0745554577394612,0.021656869955825858,21.860285206828845,1
BNBUSDT,2020-03-28,2020-03-30,1,3,1.3627754222682413,0.3527924946175442,0.42593845881540826,-0.010668546545451019,-2.0124325113089143,0
BNBUSDT,2020-04-02,2020-04-04,1,3,3.3869629386086086,11.046748218906266,0.43994498456384923,0.02482908666372774,7.7808176100628845,1
BNBUSDT,2020-04-21,2020-04-26,1,6,6.288819667690032,2.54524478565262,0.10935117107922976,-0.06807892450715791,8.737245483414725,1
BNBUSDT,2020-05-04,2020-05-06,1,3,3.91793850125757,4.591602980670655,0.047534526221340134,-0.04045946751796936,-4.683601545557092,0
BNBUSDT,2020-05-10,2020-05-12,-1,3,-0.9280134249793401,-7.2794280421351765,-0.18879718530403622,-0.10660828880854556,5.4771631763745,1
BNBUSDT,2020-05-15,2020-05-17,-1,3,-3.510387919592676,-5.0789539618859525,-0.1860729499373811,-0.007814223780112983,0.0994596310837318,1
BNBUSDT,2020-05-26,2020-05-28,-1,3,-16.213254482570147,-0.5944081557715172,-0.05612305560763242,-0.005433748685844758,-4.651955044656209,0
BNBUSDT,2020-05-30,2020-06-01,1,3,1.8640115575719012,8.006099815945428,0.09077806939101576,0.05877842002521794,5.155457534214358,1
BNBUSDT,2020-06-03,2020-06-08,1,6,3.490627641349066,5.039291360203204,0.09550673095549858,-0.0030472807296905158,0.6540398102728332,1
BNBUSDT,2020-06-14,2020-06-16,-1,3,-0.8172129999807505,-3.3733813719336854,-0.13827927125866804,-0.010478325859558851,1.8438890904872611,1
BNBUSDT,2020-06-23,2020-06-25,-1,3,-0.4937104615876704,-2.1221946752988043,-0.06413558892551886,0.027971786609010466,3.229787156697006,1
BNBUSDT,2020-06-29,2020-07-05,-1,7,-3.00453389344118,-4.400054025936774,-0.10238329222856901,0.013340177111067303,-1.1172490928717411,0
BNBUSDT,2020-07-10,2020-07-12,1,3,1.2587624662113992,8.22176074853754,0.23343369529828645,0.02606971335593794,8.347637781237726,1
BNBUSDT,2020-07-19,2020-07-21,1,3,1.2661364103168864,6.958977111346481,0.058580327685054334,0.022224385526640134,2.9689587013941092,1
BNBUSDT,2020-07-24,2020-07-26,1,3,0.31406656901041663,9.417328331259283,0.13710666197933652,0.048842210196492264,3.897066666666671,1
BNBUSDT,2020-08-21,2020-08-23,-1,3,-8.079786602348186,-1.7741616458388378,-0.18001805369774038,-0.06576291652566624,4.941550881812828,1
BNBUSDT,2020-08-25,2020-08-27,-1,3,-8.327643236823768,-4.816028923409384,-0.2829056016467332,-0.055383815367725964,-2.689856740118523,0
BNBUSDT,2020-09-03,2020-09-05,-1,3,-3.4186526142593743,-10.826507818317193,-0.13676242896065793,-0.25701187576658147,20.982423723612165,1
BNBUSDT,2020-09-07,2020-09-09,-1,3,-0.8045438846096563,-0.15790928902116014,-0.2065194577010947,0.06116641654086846,-6.145397977702882,0
BNBUSDT,2020-09-12,2020-09-14,1,3,1.7832691272678638,22.82759861379975,0.47355425086876374,0.24667692811991282,22.645395488011346,1
BNBUSDT,2020-09-21,2020-09-23,-1,3,-6.2037971683287045,-8.627499948629833,-0.3255293779255799,-0.31077383142869697,12.834914120687024,1
BNBUSDT,2020-10-02,2020-10-04,1,3,1.257780971920753,1.7528298329653573,0.12060428198770723,-0.051735559101792505,5.059218780149477,1
BNBUSDT,2020-10-07,2020-10-09,1,3,1.002906406948803,3.7149821287944342,0.011208997689823197,-0.06361722188081909,2.2241636923254764,1
BNBUSDT,2020-10-12,2020-10-14,1,3,3.2158224845711376,11.575366875508983,0.10383821611397814,0.1289274125868951,7.700718264387207,1
BNBUSDT,2020-10-17,2020-10-19,1,3,1.44547583803644,4.634064146292687,0.10384709438095707,-0.057835705179703156,-0.8688602270761067,0
BNBUSDT,2020-10-20,2020-10-22,-1,3,-1.842943367968283,-1.001943711035195,-0.12703572142540986,-0.12827884141030088,-2.836920566887446,0
BNBUSDT,2020-10-29,2020-10-31,-1,3,-17.672357009078723,-1.2113027138928785,-0.1464469585079412,-0.06571652793597138,5.62628091435956,1
BNBUSDT,2020-11-06,2020-11-08,-1,3,-1.9152363589870203,-1.1806031782054636,-0.31606874234435917,0.14792837076161264,-3.009841986455974,0
BNBUSDT,2020-11-11,2020-11-15,-1,5,-0.29367938991955306,-3.1507465405672272,-0.11286071475155315,0.022035430624379015,1.5143266191333553,1
BNBUSDT,2020-11-17,2020-11-20,1,4,3.433177107975912,1.5746178706402738,0.018989721227457068,0.05677672343712431,3.272915824241096,1
BNBUSDT,2020-11-28,2020-11-30,1,3,11.85500717010287,0.5795720043883845,0.0035094473400869575,-0.06461532689805183,10.256486511176854,1
BNBUSDT,2020-12-02,2020-12-04,1,3,1.9491852699544232,2.6280402339190903,0.05849589124327226,-0.022474223688033423,-4.29574696353594,0
BNBUSDT,2020-12-11,2020-12-13,-1,3,-2.114408900552258,-7.845388519796104,-0.34976504870551955,-0.03009252724072592,-5.688416400049112,0
BNBUSDT,2020-12-16,2020-12-18,1,3,0.8860096935643293,4.2361221380451335,0.10908781187575846,0.10275000805247322,4.625876706896737,1
BNBUSDT,2020-12-22,2020-12-24,1,3,1.1960748205318927,11.530205494164857,0.4828706565544329,0.016458719023533963,0.9712948517940804,1
BNBUSDT,2021-01-11,2021-01-13,-1,3,-5.4185364638498985,-0.5444370860323081,-0.09513379407959466,-0.4136022592477544,5.0045576856409095,1
BNBUSDT,2021-01-23,2021-01-25,-1,3,-10.345472476897362,-2.1936260622552246,-0.5598278298911681,-0.026281270794788814,-2.7013381066963933,0
BNBUSDT,2021-03-06,2021-03-08,-1,3,-1.1435302187993637,-0.8209058669254199,-7.6793577799520705,-0.5604884306418967,-7.087987922193251,0
BNBUSDT,2021-03-24,2021-03-26,-1,3,-1.3359115714442393,-4.265508439397854,-5.926818428746305,-0.45432145922884715,-0.3005341640289868,0
BNBUSDT,2021-03-31,2021-04-04,1,5,2.93902783985859,13.812677495666717,2.06005391410903,1.178601622294515,11.667445731750004,1
BNBUSDT,2021-04-10,2021-04-12,1,3,5.815766082457479,44.80509577764937,14.592484847496443,1.6025808822103755,31.035832699881084,1
BNBUSDT,2021-04-30,2021-05-02,1,3,1.0282973518008929,15.011456352769029,0.662123581602863,2.9888811723461615,3.2818409204602217,1
BNBUSDT,2021-05-05,2021-05-07,1,3,6.458254798026432,15.856522009095855,2.334799434672007,0.13763003857008016,2.0618414574101522,1
BNBUSDT,2021-05-12,2021-05-14,-1,3,-56.49676566993952,-1.3838246603241755,-7.1983984851953835,-4.639288795985415,9.913881323391516,1
BNBUSDT,2021-05-20,2021-05-26,-1,7,-9.979862409110853,-33.073156376502624,-34.5086402514138,-1.8951372988763353,-13.649701314217456,0
BNBUSDT,2021-06-04,2021-06-07,1,4,2.663773756760813,3.768135188074765,12.226986283088195,0.8261271243364661,-16.85817774458552,0
BNBUSDT,2021-06-09,2021-06-11,1,3,5.403342821919326,5.937809422524136,8.168425328943513,0.07584709331732142,-2.3148936170212737,0
BNBUSDT,2021-06-13,2021-06-15,1,3,2.908212430330779,0.703659248328958,5.00448701217644,0.8399449045204008,6.227873145184759,1
BNBUSDT,2021-06-21,2021-06-25,-1,5,-24.235954253167574,-24.95014184800158,-2.3078749673779377,-4.381852177854011,16.784735165742592,1
BNBUSDT,2021-06-28,2021-06-30,-1,3,-3.41014982060822,-10.889598357910382,-0.6105696573904424,1.038204153276073,-4.814343177364444,0
BNBUSDT,2021-07-04,2021-07-07,1,4,2.593765460956631,0.19036886614088316,4.502096427185613,1.1947626747916402,9.454761345721675,1
BNBUSDT,2021-07-09,2021-07-11,1,3,7.351716254907063,6.056019813802428,6.690979238040937,-0.11594432911523533,3.4756690526859035,1
BNBUSDT,2021-07-14,2021-07-16,1,3,8.515298072517115,1.8500230429916213,3.880505088921833,-0.7761622832298922,-2.361545931248787,0
BNBUSDT,2021-07-27,2021-07-30,1,4,2.3643192492033305,3.219433491657142,2.6627332547115987,0.8708988841975192,5.711842105263143,1
BNBUSDT,2021-08-04,2021-08-06,1,3,1.2420819419967204,8.601644742177738,3.9282626459991414,-0.016625286449350796,5.462164919766255,1
BNBUSDT,2021-08-18,2021-08-20,1,3,0.49493162118124406,8.466195181653152,3.4672007242498495,-1.9274472412477266,12.822996515679442,1
BNBUSDT,2021-09-07,2021-09-09,-1,3,-0.6149947126650419,-11.844187180035142,-7.702852558651742,-5.334756046306168,14.677605321507759,1
BNBUSDT,2021-09-13,2021-09-16,-1,4,-2.2493236430871693,-13.267318556251842,-13.105797456744712,0.2241887482251581,-2.3216910881575843,0
BNBUSDT,2021-09-23,2021-09-28,-1,6,-12.475867762100098,-8.058928592834125,-6.4781166060620645,1.682868279626243,11.737203166226918,1
BNBUSDT,2021-10-02,2021-10-06,1,5,2.7954246367141162,11.125565905188129,7.61277209168577,3.1285813546115584,2.7791221826809047,1
BNBUSDT,2021-10-11,2021-10-13,1,3,2.5942297626090327,4.397270659590608,2.9939350831162113,-1.1817891106791265,16.105815392229637,1
BNBUSDT,2021-10-17,2021-10-20,1,4,0.26989908574629423,9.942448898591,6.216232701575697,-0.6265505744756066,7.221296693860024,1
BNBUSDT,2021-10-22,2021-10-25,1,4,2.8412182788277818,5.875855975259559,2.8568639276842696,-1.2464204420667606,2.615502229772782,1
BNBUSDT,2021-10-27,2021-10-29,-1,3,-0.22252618805232122,-3.0351489481247804,-3.148733998698784,-2.593441675958289,-11.31821794603638,0
BNBUSDT,2021-11-01,2021-11-03,1,3,0.36057513313714773,12.754121160060544,4.820969304824722,1.6554966117331666,7.949218452154017,1
BNBUSDT,2021-11-16,2021-11-18,-1,3,-1.3621509921554442,-0.9189443920829276,-4.451548556346999,-4.543534999463198,15.693404859577154,1
BNBUSDT,2021-11-20,2021-11-22,-1,3,-4.150516687284854,-0.14211117720933533,-11.067231737750223,2.0196080423232736,3.3349397590361485,1
BNBUSDT,2021-12-12,2021-12-14,-1,3,-3.216796010019929,-3.864469636310012,-5.605707688252806,0.7881298953690878,6.0481842338352525,1
BNBUSDT,2021-12-26,2021-12-28,1,3,4.231745559976712,0.07600941417803851,2.42348663302829,0.5909033077054335,-2.8113993423456214,0
BNBUSDT,2022-01-13,2022-01-15,-1,3,-1.0002320787368053,-4.269785150938263,-0.05100606599799562,1.9704773921505776,-1.7735137351373438,0
BNBUSDT,2022-01-16,2022-01-18,1,3,4.330323993617291,2.2402214589634513,5.630099148027629,1.4126847756035978,-5.071385237613757,0
BNBUSDT,2022-01-21,2022-01-23,-1,3,-3.664422111043273,-18.146734611202334,-3.91108009931823,-4.80103701865313,12.389641072239899,1
BNBUSDT,2022-01-30,2022-02-01,-1,3,-2.3047348481047742,-11.85165278151034,-0.9685097117001931,0.6218142039983512,0.9100436681222738,1
BNBUSDT,2022-02-15,2022-02-17,1,3,1.1796761221027572,8.244777389758788,5.446404072560986,1.4213885671004824,-0.6478929102627703,0
BNBUSDT,2022-02-26,2022-02-28,-1,3,-7.785400390625,-5.772891740944789,-2.0348042879815083,0.738129326052988,-5.89333333333335,0
BNBUSDT,2022-03-15,2022-03-17,-1,3,-0.5507973342511322,-2.1597504639317684,-0.4375654845527963,0.2103760585753749,-5.327691483663632,0
BNBUSDT,2022-03-31,2022-04-04,1,5,0.15613044233133958,6.441325739244806,4.086966670994688,-1.0422780927662831,0.8440624293146296,1
BNBUSDT,2022-04-16,2022-04-19,-1,4,-2.2925217146499848,-2.570568046508381,-3.082937638535017,0.3946516688151931,-1.5981787682722177,0
BNBUSDT,2022-04-21,2022-04-23,-1,3,-0.41341106932659594,-4.189491369008895,-2.165119951217995,-0.5709948680312227,3.7347992351816295,1
BNBUSDT,2022-04-29,2022-05-01,-1,3,-1.9463693032654807,-3.630411593776439,-2.0447964153421307,0.0035424401581525267,3.8250061409973113,1
BNBUSDT,2022-05-03,2022-05-05,-1,3,-3.598723699253851,-4.583188348163258,-1.9387464185761187,0.07422154835450545,2.449807445442887,1
BNBUSDT,2022-05-07,2022-05-09,-1,3,-1.598303212996247,-7.661213920293056,-2.1948621958837133,-0.8641895946935598,21.49395937747296,1
BNBUSDT,2022-05-24,2022-05-26,1,3,1.4502911369256422,4.02078514622477,5.868320979715911,1.2124487686506384,-4.876670870113486,0
BNBUSDT,2022-05-28,2022-05-30,1,3,6.49063353197011,1.2995997430449153,3.800476110136671,-0.28681660684586774,6.297612732095481,1
BNBUSDT,2022-06-20,2022-06-22,-1,3,-4.379198685295354,-16.998926545008427,-4.1203864600137265,1.5081470953670078,-0.07456996745700516,0
BNBUSDT,2022-07-07,2022-07-09,1,3,4.041356153080472,7.2293170460855105,4.907036421932094,0.5116997089592328,1.5698239731768653,1
BNBUSDT,2022-07-13,2022-07-15,1,3,17.76419368961781,0.08901626175123756,2.018500131102609,-0.13104876798185394,7.7142339075249255,1
BNBUSDT,2022-07-19,2022-07-21,1,3,1.5565836804240731,13.837677474041127,5.267672480666751,0.714369124751701,0.16796667928815656,1
BNBUSDT,2022-07-26,2022-08-03,1,9,0.7829355784156555,0.8716050880705262,0.5064311061273976,-0.7982695153456598,21.22714636140639,1
BNBUSDT,2022-08-08,2022-08-10,1,3,1.6202262490803094,14.613281594496852,4.165423442537996,-0.1328258328887877,1.4587360594795489,1
BNBUSDT,2022-08-13,2022-08-15,1,3,1.1720816148930766,8.249745481249073,1.0729106489344424,-0.8409738919047811,-2.9617566331198493,0
BNBUSDT,2022-08-23,2022-08-25,-1,3,-1.3460286458333333,-4.098176807972066,-4.621761832149053,0.5702494152304638,-0.8000000000000004,0
BNBUSDT,2022-08-28,2022-09-01,-1,5,-2.0041472279540673,-9.087920036825142,-5.010241171987382,-0.14539940818384967,-0.5439366678661403,0
BNBUSDT,2022-09-08,2022-09-10,-1,3,-5.885419438670887,-1.1401483778878225,-0.7984909460399923,0.7379600548996059,-6.782215847974182,0
BNBUSDT,2022-09-18,2022-09-20,-1,3,-1.4907230061469985,-4.925175899139262,-1.0466658806119815,-0.6994950696187558,4.186169831601583,1
BNBUSDT,2022-09-23,2022-09-25,-1,3,-6.242384461978982,-0.46046478163895704,-0.22009035240199903,0.6080810434822448,-0.036759898292770474,0
BNBUSDT,2022-10-02,2022-10-04,1,3,3.762300665954188,3.2007829774893914,1.8450546962215864,0.03744078041646626,4.301307882644045,1
BNBUSDT,2022-10-13,2022-10-16,-1,4,-1.4545157634274557,-3.0311685529651213,-1.5441587708503353,-0.02502750801795872,-0.9906238464377989,0
BNBUSDT,2022-10-18,2022-10-22,-1,5,-3.1603498970995183,-2.148014117056898,-0.5805272072475671,0.21139788111981472,1.4867924528302106,1
BNBUSDT,2022-11-06,2022-11-08,1,3,3.3764082131926583,12.210673131205786,5.411398931602674,-1.1477816577673288,-6.6428407789232535,0
BNBUSDT,2022-11-09,2022-11-17,-1,9,-9.222891218573412,-12.934432103188815,-2.589091247419967,-5.148232478164218,17.773488087965795,1
BNBUSDT,2022-11-19,2022-11-21,-1,3,-3.6015173415553257,-10.161978677476222,-5.141363815932278,0.732317945062749,6.9695731484859635,1
BNBUSDT,2022-11-29,2022-12-01,1,3,0.8994627242600086,3.858662213237221,2.8225260715519243,-0.5079860269308951,-0.808858603066431,0
BNBUSDT,2022-12-03,2022-12-05,1,3,3.551728106227641,1.687793262833509,0.9045824198157627,-0.5738117113157118,-2.1041581458759335,0
BNBUSDT,2022-12-07,2022-12-11,-1,5,-1.5159475482964295,-1.4990035525517682,-0.5303913446412456,-0.49278606229954736,1.5986216402481106,1
BNBUSDT,2022-12-16,2022-12-18,-1,3,-0.719148851067431,-18.6316604490744,-5.181452838142448,-2.043463627537374,2.613910355486871,1
BNBUSDT,2023-01-03,2023-01-08,1,6,11.364006801686129,0.23623330074943488,1.577075849193598,0.13276431327882676,11.712561174551372,1
BNBUSDT,2023-01-16,2023-01-19,1,4,2.257335367461536,11.723493694535264,5.263300431315225,-0.6669812795659658,-2.914890800794167,0
BNBUSDT,2023-01-25,2023-01-27,1,3,5.134418397357846,5.492919015536904,0.6106929977462876,-0.07538154074488368,2.164102564102555,1
BNBUSDT,2023-02-09,2023-02-11,-1,3,-1.5701080080505376,-2.6716040749511385,-1.4955204427645512,-1.767682180641696,5.023522242535039,1
BNBUSDT,2023-02-14,2023-02-17,-1,4,-2.6065765494924436,-5.924949579965373,-4.6156362808289515,-0.428382867440245,-6.7540604825008455,0
BNBUSDT,2023-02-19,2023-02-21,-1,3,-0.5429621933007504,-1.3725521237354885,-1.5558710299434861,0.2184821028321111,1.179778830963663,1
BNBUSDT,2023-03-03,2023-03-07,-1,5,-0.08839103999020559,-5.187893826112504,-2.101329031028819,-0.5576826928381795,3.102334889926617,1
BNBUSDT,2023-03-09,2023-03-12,-1,4,-0.6649749447601089,-7.7486475239284145,-2.4277611506306354,-0.39587965313569917,-0.7483106931382763,0
BNBUSDT,2023-03-21,2023-03-23,1,3,2.0491567052396618,10.057925223801982,5.119855145487828,-0.5086053448987178,-1.3323308270676733,0
BNBUSDT,2023-03-25,2023-03-27,1,3,3.5002951516900733,3.944674608676013,1.1512197908084971,-0.8059217663835172,-3.970319776466935,0
BNBUSDT,2023-04-15,2023-04-17,1,3,0.42258634071431983,5.278133447147548,1.6890527888050724,0.496345734757504,2.9748859835816437,1
BNBUSDT,2023-04-26,2023-04-28,1,3,0.818922615502186,1.1550523980723733,0.013444366676210961,-0.26480783381039785,-4.625768321512991,0
BNBUSDT,2023-05-01,2023-05-04,-1,4,-6.593108000578704,-0.5299015897047691,-0.6615660422151928,-0.12907876884643166,3.659259259259251,1
BNBUSDT,2023-05-06,2023-05-11,-1,6,-1.9573217511724732,-2.0150980153415503,-1.3005832282034788,-0.15560252524712226,5.419295558958648,1
BNBUSDT,2023-05-13,2023-05-19,-1,7,-2.117118649969611,-3.6678758565094673,-2.0973217343486783,0.2888486457437578,-0.5296596434359643,0
BNBUSDT,2023-05-21,2023-05-24,-1,4,-1.1961279265433908,-2.635885539967275,-0.47628795911064126,-0.09775118456261644,1.081004507405026,1
BNBUSDT,2023-05-26,2023-05-28,-1,3,-0.4244699462489738,-1.2568191693084994,-0.14212830426153644,0.08422782215550217,-3.552709359605921,0
BNBUSDT,2023-05-30,2023-06-01,1,3,0.11101503580310566,0.5244050020169424,0.8236488462684619,0.10317675698025619,-2.55019255455714,0
BNBUSDT,2023-06-05,2023-06-07,-1,3,-1.6523517546106556,-9.823652972497669,-1.7185657099876814,-1.844981363969152,14.583606557377049,1
BNBUSDT,2023-06-09,2023-06-11,-1,3,-2.7335654688245468,-12.601489632959808,-5.012782677078725,-0.18551614123290072,9.752671755725185,1
BNBUSDT,2023-06-30,2023-07-02,1,3,2.4559148643621325,0.32146286477687086,1.8588848995251421,0.49746935802514614,5.348605748605761,1
BNBUSDT,2023-07-04,2023-07-06,1,3,1.3802673463647313,0.5139683329188228,3.0469768932400427,-0.2107976275648511,-6.201217038539564,0
BNBUSDT,2023-07-10,2023-07-13,1,4,5.832692651043894,2.724579630325031,1.8628841049040492,0.6343654205303251,8.997693293464337,1
BNBUSDT,2023-07-15,2023-07-17,1,3,3.6098100446203674,3.929968336748012,2.7988779299057205,-0.03619295904990416,-2.0122531237404258,0
BNBUSDT,2023-08-08,2023-08-10,1,3,0.43626144768432706,1.3432527381690433,0.48857298128409377,0.1433217352186098,-0.647831474597271,0
BNBUSDT,2023-08-12,2023-08-14,-1,3,-0.5426399698842256,-0.5833436763063043,-0.05523357406906837,-0.10910051460127923,-0.6920317062995448,0
BNBUSDT,2023-08-23,2023-08-27,-1,5,-1.743447967138605,-6.545281960564347,-2.3305135093876386,0.6259385282352836,-3.956187766714092,0
BNBUSDT,2023-09-07,2023-09-09,1,3,0.9152706670938424,0.17765267747963495,0.6516046296720805,0.18823257606246102,-0.9111524163568748,0
BNBUSDT,2023-09-17,2023-09-20,1,4,1.7726438441571635,0.6929910236733218,0.977534633663868,0.22202216711376677,-0.632666356444855,0
BNBUSDT,2023-09-28,2023-09-30,1,3,0.8952518679061026,1.1455319549314338,0.5419324357536137,0.24971029568952385,0.8264150943396279,1
BNBUSDT,2023-10-06,2023-10-08,1,3,1.5196435245466848,0.004686255213454662,0.2548027037130518,-0.004841945093122302,-0.02013295346627829,0
BNBUSDT,2023-10-09,2023-10-12,-1,4,-0.8176473366729272,-3.0982201713909086,-0.34945236306373584,-0.4196983567249495,2.58013245033113,1
BNBUSDT,2023-10-14,2023-10-16,-1,3,-0.7733533360436351,-2.25777441188999,-0.5622502833172345,0.08978530503273974,-4.524211547792345,0
BNBUSDT,2023-10-17,2023-10-21,1,5,0.6522556386700574,0.03312355084464732,0.4086902885354917,0.1314583802539684,-0.5863932898415688,0
BNBUSDT,2023-10-28,2023-10-30,1,3,0.5887155392402971,5.253340173012795,1.5357225510863628,-0.07961030661005641,1.3402945113788483,1
BNBUSDT,2023-11-02,2023-11-04,1,3,0.9653651332478583,5.466618155357459,1.0874395739447222,0.08650236825721391,3.6368582711715502,1
BNBUSDT,2023-11-24,2023-11-27,-1,4,-2.362957278105624,-4.8378522062732525,-2.755160746284141,-0.10478951951158955,2.422925577416602,1
BNBUSDT,2023-12-05,2023-12-07,-1,3,-0.13930914999330835,-1.367291653335057,-0.58114818160994,0.2704295556704057,-0.014561027837256199,0
BNBUSDT,2023-12-16,2023-12-19,1,4,1.9825372660875589,3.209459459459457,1.4588589349860857,-0.5582916297813911,2.8666394446712933,1
BNBUSDT,2023-12-21,2023-12-23,1,3,0.5001646987850513,11.938456475234496,2.49163060071872,1.082591018194225,3.7106415674222015,1
BNBUSDT,2024-01-09,2024-01-14,-1,6,-10.744916697964682,-0.13266998341624453,-3.061446075357228,-0.729190281433155,0.9829436944352902,1
BNBUSDT,2024-01-17,2024-01-19,-1,3,-3.8995462020641622,-0.10331912695339339,-1.9765977647830386,0.035593869407136935,-0.2413705583756306,0
BNBUSDT,2024-01-22,2024-01-24,-1,3,-5.092180710653059,-1.250907917036559,-1.537910236593989,-0.6813662967224836,7.603766478342743,1
BNBUSDT,2024-01-27,2024-01-29,-1,3,-2.2727476532770066,-0.1372459316384602,-2.6601600389461044,0.6379655159377755,-3.2127068166776906,0
BNBUSDT,2024-02-04,2024-02-06,-1,3,-1.1214176415999295,-0.35808302948052473,-1.130728521253645,0.3665943562173979,-1.4010010010010006,0
BNBUSDT,2024-02-08,2024-02-10,1,3,2.7193674620688215,4.7587791270101745,0.5720234180555281,1.0472212368985707,4.709013992840871,1
BNBUSDT,2024-02-12,2024-02-15,1,4,0.1550943858161869,6.618962432915929,2.2363490651978006,0.3269357990818724,10.045899594636731,1
BNBUSDT,2024-02-19,2024-02-21,1,3,2.337618566636289,8.856174244183352,3.459622911796753,-0.5594508386821069,8.004802744425387,1
BNBUSDT,2024-02-24,2024-02-26,1,3,2.8720088709845206,11.820711879302758,3.945611540428139,-0.23468128176714664,6.550732356857525,1
BNBUSDT,2024-03-15,2024-03-17,1,3,1.2923243191261113,34.934260335469574,17.32397921646492,0.8978510911291693,-5.622148541114058,0
BNBUSDT,2024-04-01,2024-04-03,-1,3,-28.134976687729218,-0.5732836027075648,-4.358542330593927,-1.990156418655964,7.050140102192193,1
BNBUSDT,2024-04-25,2024-04-29,1,5,3.144281013879771,5.913138099885162,3.803349995438528,0.8685766384626366,-3.0281208935611033,0
BNBUSDT,2024-05-21,2024-05-28,1,8,1.0564965673730367,5.6298940285380095,1.9454430707613457,2.2266753142169255,-0.04976651100734274,0
BNBUSDT,2024-06-11,2024-06-13,-1,3,-0.7519343779995237,-4.262503475946457,-2.5516335607566702,-4.82741733235186,3.647352423612238,1
BNBUSDT,2024-06-18,2024-06-23,-1,6,-0.8099121820960127,-6.700271054258403,-7.999480388313003,-0.5687333998597035,4.034883336091333,1
BNBUSDT,2024-06-25,2024-06-28,-1,4,-0.10102763391678803,-5.990618572624753,-5.492946563658917,0.8611417571217315,-0.27678225664494704,0
BNBUSDT,2024-06-30,2024-07-03,-1,4,-1.0129587273848684,-1.3153434131127328,-1.7389458641369142,1.3492066504278508,1.9333333333333207,1
BNBUSDT,2024-07-14,2024-07-16,1,3,2.522462404911725,0.12681259304183728,3.046961274353116,1.698569665252208,7.826897069872296,1
BNBUSDT,2024-07-18,2024-07-20,1,3,2.422882203457334,5.088109369544855,8.486067476249733,0.012538375160076498,3.853823167516257,1
BNBUSDT,2024-07-23,2024-07-31,1,9,3.5499053040382242,6.027477132757561,7.210893322014565,-1.5722414299687717,-2.2222070844686743,0
BNBUSDT,2024-08-02,2024-08-04,-1,3,-0.12402734307077426,-6.024701188322752,-2.4354968767755283,-2.4945801607218927,13.197635193879332,1
BNBUSDT,2024-08-09,2024-08-11,-1,3,-1.867850470925599,-7.482176633202394,-6.9714525748540215,2.1088703472033625,2.2493908334945028,1
BNBUSDT,2024-08-17,2024-08-19,1,3,0.44195231323358747,3.10200740522172,3.7724705489130645,1.666424149005385,7.046603809890306,1
BNBUSDT,2024-08-22,2024-08-26,1,5,0.9837419730365246,11.441435413101855,9.174019808442196,0.9100883615800424,-4.241431327837219,0
BNBUSDT,2024-09-08,2024-09-10,-1,3,-0.623863398002153,-6.33639587813119,-4.980498179727227,1.1087460121937722,-5.1619047619047675,0
BNBUSDT,2024-09-30,2024-10-02,-1,3,-2.2035413015761454,-0.9375491034795825,-0.014676691761978944,-2.881204551907995,8.515379449294835,1
BNBUSDT,2024-10-14,2024-10-16,1,3,2.468459267001259,2.7290958235242786,0.43831059336650124,1.1398313233483193,4.615728766165672,1
BNBUSDT,2024-10-22,2024-10-24,1,3,1.2424425674265274,2.3061085602542994,1.1700449265050388,-0.8096477966647857,-1.1181028724114856,0
BNBUSDT,2024-10-26,2024-10-28,-1,3,-0.9242927263492882,-0.3841885084948348,-2.0377241178449372,-0.3560786726477323,-4.884616721710433,0
BNBUSDT,2024-11-10,2024-11-13,1,4,1.0122358125320225,6.724168729425569,4.716115961980736,1.54188328156367,-1.0371466077546239,0
BNBUSDT,2024-11-16,2024-11-18,1,3,0.24515681004488357,3.7384423157017803,2.4504578920363187,-0.7424848700344224,-0.47103992766844816,0
BNBUSDT,2024-11-25,2024-11-27,1,3,0.49748209277647587,2.0357429828374176,1.9136913851894946,-0.8545260300487865,-2.7512468733419277,0
BNBUSDT,2024-11-30,2024-12-02,1,3,1.203266426811415,3.313746152988724,1.4637417005834958,-0.0026075133029443975,-1.4463286846808194,0
BNBUSDT,2024-12-18,2024-12-21,-1,4,-2.275527783801161,-2.5936059580845057,-4.624418158170407,-2.3468939112214358,7.15200713399936,1
BNBUSDT,2024-12-24,2024-12-26,-1,3,-4.372446188333737,-0.8365360945617356,-5.9424001288019745,2.044419001646787,0.2857208712688689,1
BNBUSDT,2024-12-29,2024-12-31,-1,3,-7.21141633518203,-0.24382258675948282,-0.9468711429157679,-0.28499167412009374,2.3460429562544243,1
BNBUSDT,2025-01-03,2025-01-06,1,4,0.3342263550884956,2.6425930578987002,0.5864022224749483,0.5329748532662055,2.880707964601759,1
BNBUSDT,2025-01-14,2025-01-16,-1,3,-0.7140127699614438,-0.42273568547438933,-2.310354992269586,0.6407562485324525,-3.225859665427522,0
BNBUSDT,2025-02-09,2025-02-11,-1,3,-3.3797699255172335,-4.403380755710224,-4.013789434054917,3.061036855043845,-5.25311647806137,0
BNBUSDT,2025-02-14,2025-02-16,1,3,5.95350349289456,3.7173058435019835,9.098780114078838,0.2061365996981479,0.8606811890720992,1
BNBUSDT,2025-03-06,2025-03-08,-1,3,-0.19644986948695492,-5.051151404017292,-3.277116927228713,0.9388060191967096,0.4591869483819181,1
BNBUSDT,2025-03-20,2025-03-22,1,3,0.9611157814520291,6.135531675093665,8.356604597177471,0.2586066074793507,0.943138839502167,1
BNBUSDT,2025-03-26,2025-03-28,1,3,2.878262992055262,2.446742994593278,3.893121215031649,-1.5963814024398122,-1.989342986885156,0
BNBUSDT,2025-03-31,2025-04-02,-1,3,-0.769606494935245,-1.706137414108064,-1.5717709860418991,-0.6883269458988894,1.5129857190302358,1
BNBUSDT,2025-04-05,2025-04-07,-1,3,-0.09319668374923229,-3.8065134503512,-3.1059119322951494,-0.017711126698545243,6.812527814491975,1
BNBUSDT,2025-04-10,2025-04-12,-1,3,-2.352973612017456,-3.761033399681503,-3.621745899883411,1.2947226477543543,-2.9707514768511962,0
BNBUSDT,2025-04-24,2025-04-26,1,3,0.8769022098033652,2.6403594758695825,3.609389827426826,-0.5029567249919644,-0.14905482821812,0
BNBUSDT,2025-05-04,2025-05-06,-1,3,-1.5842627155163447,-1.9646220812547934,-0.8279550267279472,-1.0550819616250995,-0.9355712760277687,0
BNBUSDT,2025-05-18,2025-05-21,1,4,0.5425330679201669,3.694555212221858,0.7483502296344327,-0.4256321916876473,4.885296555175045,1
BNBUSDT,2025-05-24,2025-05-26,1,3,4.379546802342724,3.0543271756209185,0.6651316316688529,-0.2739093866686151,2.2347834028433105,1
BNBUSDT,2025-06-08,2025-06-10,-1,3,-2.542727122730755,-1.741748077596893,-4.326161863473056,0.5748009193750274,-3.886371039611558,0
BNBUSDT,2025-06-14,2025-06-20,-1,7,-1.5896000377899246,-2.3952552976135055,-2.2522858546223103,-0.7145678964035067,1.696589608606092,1
BNBUSDT,2025-06-23,2025-06-27,-1,5,-0.62906460977208,-1.2169551675289394,-3.112972469893581,1.1123490874858968,-5.255393709098599,0
BNBUSDT,2025-06-28,2025-07-03,1,6,0.8627626681046776,0.15634952805606123,0.5298581659272474,0.5730611096500815,2.3690449272893326,1
BNBUSDT,2025-07-05,2025-07-10,1,6,0.8880036259514575,1.4744226183296052,1.8529488857192857,-0.2195463835431466,4.526560587515283,1
BNBUSDT,2025-07-14,2025-07-16,1,3,0.4582928784320809,3.8602456341832023,3.728518833790921,-0.363465679592748,2.0002890173410397,1
BNBUSDT,2025-08-01,2025-08-03,-1,3,-18.45272448143451,-0.4252196135012748,-3.2108321061679845,-3.8114186211607404,3.6771764946242014,1
BNBUSDT,2025-08-05,2025-08-07,-1,3,-5.991796267689753,-2.1725612125923024,-8.404718948286106,-0.4163371845684587,-3.0072362515124236,0
BNBUSDT,2025-09-10,2025-09-12,1,3,2.6556452594466267,3.2691240027892143,0.4844466048539342,1.2610636439217124,4.689714889603525,1
BNBUSDT,2025-09-23,2025-09-25,1,3,3.4656362911043432,8.630813159342422,7.32323640404946,-1.6183962819478381,-5.133608621210595,0
BNBUSDT,2025-10-16,2025-10-20,-1,5,-5.85007028474629,-0.7302827135786476,-11.070395365392486,-5.939542951161556,4.965698409558128,1
BNBUSDT,2025-10-24,2025-10-28,-1,5,-3.5864030729129706,-4.9967083241065104,-17.211021945893485,2.744006199024806,1.6652868503266087,1
BNBUSDT,2025-11-05,2025-11-09,-1,5,-6.172141196861955,-11.084562026611692,-20.518030692779686,-1.4271241394110064,-6.7900423796662945,0
BNBUSDT,2025-11-15,2025-11-17,-1,3,-2.874930912404398,-7.659438961857075,-6.959933182341352,1.5461461107116392,0.46205954657196935,1
BNBUSDT,2025-11-19,2025-11-21,-1,3,-1.3244558893045286,-7.577926466508232,-3.2000590327883813,-0.1962102651798503,10.570314861866004,1
BNBUSDT,2025-11-25,2025-11-27,-1,3,-1.2907503028639884,-6.105274387107695,-1.9099687997553545,2.289768796891032,-3.9633353373722535,0
BNBUSDT,2025-12-05,2025-12-09,1,5,1.374869389431843,0.4244543440222791,9.667960906041621,-0.6688687924875083,-0.6911369899546657,0
BNBUSDT,2025-12-11,2025-12-13,1,3,3.025148088423973,0.7072389828899652,7.13031256091562,-1.151846803622103,-0.020563446492726997,0
BNBUSDT,2025-12-20,2025-12-22,-1,3,-1.030442990293979,-2.5996387553479594,-0.9846110418700125,0.46335983842589634,-0.6908300921546037,0
BNBUSDT,2025-12-27,2025-12-29,-1,3,-0.1657969654120576,-2.107882433077413,-0.10639614313114976,0.8128152770145132,-2.5252635614337655,0
BNBUSDT,2025-12-30,2026-01-01,1,3,2.2883806040019428,0.482207308326967,3.079587491566553,1.00000847308719,0.9994791544471141,1
BNBUSDT,2026-01-19,2026-01-21,1,3,0.19259517198542206,1.5827485304541866,2.1200389820748136,-1.7892907080262486,-5.670720957416009,0
BNBUSDT,2026-01-24,2026-01-29,-1,6,-0.7076781406490075,-2.693833320262956,-6.047334779496438,-0.2765843412866964,2.172816078418172,1
BNBUSDT,2026-02-25,2026-02-27,1,3,17.633759444343294,1.3317277041864313,8.45736957566433,2.347426453264717,4.814187799862912,1
BNBUSDT,2026-03-02,2026-03-04,1,3,1.7671350877534489,3.4094188682182143,10.94939363386522,1.1360095486533552,6.077765551168346,1
BNBUSDT,2026-03-06,2026-03-09,1,4,3.8805923408919853,0.9523778870664584,10.757699953585611,-1.7577044507919943,-2.4390522497491736,0
BNBUSDT,2026-03-11,2026-03-13,1,3,0.2154483973422897,4.104843130016816,7.996313602335512,0.6141702857317384,1.7386292834890908,1
BNBUSDT,2026-03-23,2026-03-26,-1,4,-0.5577109447336758,-0.993611391675598,-0.7623479370572754,-0.005089827832189364,-0.7911176386073079,0
BNBUSDT,2026-03-30,2026-04-03,-1,5,-1.83973086582645,-4.9742351649448535,-3.7554972686106805,0.022330771056648047,2.533557722450475,1
BNBUSDT,2026-04-07,2026-04-09,1,3,0.502102772043873,0.4385378831132516,0.14020015565589894,2.0104692761254537,0.08657746079885377,1
BNBUSDT,2026-04-13,2026-04-15,1,3,0.9612636694673491,1.1389671554614094,1.8150494163785673,1.0721573569824656,4.733487563113181,1
BNBUSDT,2026-04-19,2026-04-22,1,4,0.5015696470918038,0.9933598415083384,3.9865644116189873,-1.3684465613088292,0.8017780600095396,1
BNBUSDT,2026-04-24,2026-04-26,1,3,2.722290318172125,2.782117291260427,3.3247275144111352,-0.379710827418954,-0.8353681836689938,0
BNBUSDT,2026-04-28,2026-04-30,1,3,0.22832832965077599,0.14768395953362262,0.5274394411172358,-0.7751468126080172,-2.226651564219972,0
BNBUSDT,2026-05-01,2026-05-04,-1,4,-0.8995382711952363,-1.5855169143395438,-1.6442243525053688,-0.4282629570796832,-1.5781338360037807,0
BNBUSDT,2026-05-17,2026-05-19,1,3,0.18679994666259592,0.9136893363030866,0.7057278960340305,-1.7119607909143753,-2.8657116732703543,0
BNBUSDT,2026-05-22,2026-05-24,-1,3,-3.336217710476524,-0.11187580480320225,-1.9290114692885725,-0.17163827218222405,-0.09479789850891339,0
BNBUSDT,2026-05-26,2026-05-29,-1,4,-0.1601612568800388,-0.06941843790246972,-0.921859013202373,-0.08651974521805794,2.6234486918494953,1
BNBUSDT,2026-06-12,2026-06-14,-1,3,-0.3300613911140536,-4.5115195640451065,-4.1826712060825155,1.5516598937429293,-2.220853143159007,0
BNBUSDT,2026-06-18,2026-06-20,-1,3,-1.174349965796045,-6.472080910510002,-0.9519285573146785,-1.4570171680886634,1.8605255721955376,1
BNBUSDT,2026-06-23,2026-06-25,-1,3,-1.6373700674616587,-2.830714355951746,-0.7948335451640638,-0.23913124580046485,4.603812590019485,1
BNBUSDT,2026-07-14,2026-07-16,1,3,0.5756532982684701,2.4006166527931456,2.801789605773905,0.4719911711822897,0.47402421188038646,1
BNBUSDT,2026-07-26,2026-07-27,1,2,0.11208523814570875,0.552117323620468,0.7550462680862702,0.4480706202637683,-0.867536119801748,0
